{
    "MIDI-Unprocessed_SMF_02_R1_2004_01-05_ORIG_MID--AUDIO_02_R1_2004_05_Track05_wav.wav": {
        "start": {
            "bpm": 53.28,
            "firstbeat": 1.1145578231292517
        },
        "end": {
            "bpm": 132.51,
            "lastbeat": 0.2089795918367347
        }
    }
}